USE [master]
GO
/****** Object:  Database [DKCTPTGTCC]    Script Date: 03/20/2024 13:56:02 ******/
CREATE DATABASE [DKCTPTGTCC] ON  PRIMARY 
( NAME = N'FPT_BT1', FILENAME = N'C:\Program Files\Microsoft SQL Server\MSSQL10_50.MSSQLSERVER\MSSQL\DATA\FPT_BT1.mdf' , SIZE = 2048KB , MAXSIZE = UNLIMITED, FILEGROWTH = 1024KB )
 LOG ON 
( NAME = N'FPT_BT1_log', FILENAME = N'C:\Program Files\Microsoft SQL Server\MSSQL10_50.MSSQLSERVER\MSSQL\DATA\FPT_BT1_log.ldf' , SIZE = 1024KB , MAXSIZE = 2048GB , FILEGROWTH = 10%)
GO
ALTER DATABASE [DKCTPTGTCC] SET COMPATIBILITY_LEVEL = 100
GO
IF (1 = FULLTEXTSERVICEPROPERTY('IsFullTextInstalled'))
begin
EXEC [DKCTPTGTCC].[dbo].[sp_fulltext_database] @action = 'enable'
end
GO
ALTER DATABASE [DKCTPTGTCC] SET ANSI_NULL_DEFAULT OFF
GO
ALTER DATABASE [DKCTPTGTCC] SET ANSI_NULLS OFF
GO
ALTER DATABASE [DKCTPTGTCC] SET ANSI_PADDING OFF
GO
ALTER DATABASE [DKCTPTGTCC] SET ANSI_WARNINGS OFF
GO
ALTER DATABASE [DKCTPTGTCC] SET ARITHABORT OFF
GO
ALTER DATABASE [DKCTPTGTCC] SET AUTO_CLOSE OFF
GO
ALTER DATABASE [DKCTPTGTCC] SET AUTO_CREATE_STATISTICS ON
GO
ALTER DATABASE [DKCTPTGTCC] SET AUTO_SHRINK OFF
GO
ALTER DATABASE [DKCTPTGTCC] SET AUTO_UPDATE_STATISTICS ON
GO
ALTER DATABASE [DKCTPTGTCC] SET CURSOR_CLOSE_ON_COMMIT OFF
GO
ALTER DATABASE [DKCTPTGTCC] SET CURSOR_DEFAULT  GLOBAL
GO
ALTER DATABASE [DKCTPTGTCC] SET CONCAT_NULL_YIELDS_NULL OFF
GO
ALTER DATABASE [DKCTPTGTCC] SET NUMERIC_ROUNDABORT OFF
GO
ALTER DATABASE [DKCTPTGTCC] SET QUOTED_IDENTIFIER OFF
GO
ALTER DATABASE [DKCTPTGTCC] SET RECURSIVE_TRIGGERS OFF
GO
ALTER DATABASE [DKCTPTGTCC] SET  DISABLE_BROKER
GO
ALTER DATABASE [DKCTPTGTCC] SET AUTO_UPDATE_STATISTICS_ASYNC OFF
GO
ALTER DATABASE [DKCTPTGTCC] SET DATE_CORRELATION_OPTIMIZATION OFF
GO
ALTER DATABASE [DKCTPTGTCC] SET TRUSTWORTHY OFF
GO
ALTER DATABASE [DKCTPTGTCC] SET ALLOW_SNAPSHOT_ISOLATION OFF
GO
ALTER DATABASE [DKCTPTGTCC] SET PARAMETERIZATION SIMPLE
GO
ALTER DATABASE [DKCTPTGTCC] SET READ_COMMITTED_SNAPSHOT OFF
GO
ALTER DATABASE [DKCTPTGTCC] SET HONOR_BROKER_PRIORITY OFF
GO
ALTER DATABASE [DKCTPTGTCC] SET  READ_WRITE
GO
ALTER DATABASE [DKCTPTGTCC] SET RECOVERY FULL
GO
ALTER DATABASE [DKCTPTGTCC] SET  MULTI_USER
GO
ALTER DATABASE [DKCTPTGTCC] SET PAGE_VERIFY CHECKSUM
GO
ALTER DATABASE [DKCTPTGTCC] SET DB_CHAINING OFF
GO
EXEC sys.sp_db_vardecimal_storage_format N'DKCTPTGTCC', N'ON'
GO
USE [DKCTPTGTCC]
GO
/****** Object:  Table [dbo].[NHACUNGCAP]    Script Date: 03/20/2024 13:56:03 ******/
SET ANSI_NULLS ON
GO
SET QUOTED_IDENTIFIER ON
GO
CREATE TABLE [dbo].[NHACUNGCAP](
	[MaNhaCC] [nvarchar](50) NOT NULL,
	[TenNhaCC] [nvarchar](50) NULL,
	[DiaChi] [nvarchar](50) NULL,
	[SoDT] [nvarchar](50) NULL,
	[MaSoThue] [nvarchar](50) NOT NULL,
 CONSTRAINT [PK_NHACUNGCAP] PRIMARY KEY CLUSTERED 
(
	[MaNhaCC] ASC
)WITH (PAD_INDEX  = OFF, STATISTICS_NORECOMPUTE  = OFF, IGNORE_DUP_KEY = OFF, ALLOW_ROW_LOCKS  = ON, ALLOW_PAGE_LOCKS  = ON) ON [PRIMARY]
) ON [PRIMARY]
GO
INSERT [dbo].[NHACUNGCAP] ([MaNhaCC], [TenNhaCC], [DiaChi], [SoDT], [MaSoThue]) VALUES (N'NCC001', N'Cty TNHH Toàn Pháp', N'Hai Chau', N'05113999888', N'568491')
INSERT [dbo].[NHACUNGCAP] ([MaNhaCC], [TenNhaCC], [DiaChi], [SoDT], [MaSoThue]) VALUES (N'NCC002', N'Cty Cổ phần Đông Du', N'Lien Chieu', N'05113999889', N'456789')
INSERT [dbo].[NHACUNGCAP] ([MaNhaCC], [TenNhaCC], [DiaChi], [SoDT], [MaSoThue]) VALUES (N'NCC003', N'Ông Nguyễn Văn A', N'Hoa Thuan', N'05113999890', N'321456')
INSERT [dbo].[NHACUNGCAP] ([MaNhaCC], [TenNhaCC], [DiaChi], [SoDT], [MaSoThue]) VALUES (N'NCC004', N'Cty Cổ phần Toàn Cầu Xanh', N'Hai Chau', N'05113658945', N'513364')
INSERT [dbo].[NHACUNGCAP] ([MaNhaCC], [TenNhaCC], [DiaChi], [SoDT], [MaSoThue]) VALUES (N'NCC005', N'Cty TNHH AMA', N'Thanh Khe', N'05113875466', N'546546')
INSERT [dbo].[NHACUNGCAP] ([MaNhaCC], [TenNhaCC], [DiaChi], [SoDT], [MaSoThue]) VALUES (N'NCC006', N'Bà Trần Thị Bích Vân', N'Lien Chieu', N'05113587469', N'524545')
INSERT [dbo].[NHACUNGCAP] ([MaNhaCC], [TenNhaCC], [DiaChi], [SoDT], [MaSoThue]) VALUES (N'NCC007', N'Cty TNHH Phan Thành', N'Thanh Khe', N'05113987456', N'113021')
INSERT [dbo].[NHACUNGCAP] ([MaNhaCC], [TenNhaCC], [DiaChi], [SoDT], [MaSoThue]) VALUES (N'NCC008', N'Ông Phan Đình Nam', N'Hoa Thuan', N'05113532456', N'121230')
INSERT [dbo].[NHACUNGCAP] ([MaNhaCC], [TenNhaCC], [DiaChi], [SoDT], [MaSoThue]) VALUES (N'NCC009', N'Tập Đoàn Đông Nam Á', N'Lien Chieu', N'05113987121', N'533654')
INSERT [dbo].[NHACUNGCAP] ([MaNhaCC], [TenNhaCC], [DiaChi], [SoDT], [MaSoThue]) VALUES (N'NCC010', N'Cty Cổ phần Rạng đông', N'Lien Chieu', N'05113569654', N'187864')
/****** Object:  Table [dbo].[MUCPHI]    Script Date: 03/20/2024 13:56:03 ******/
SET ANSI_NULLS ON
GO
SET QUOTED_IDENTIFIER ON
GO
CREATE TABLE [dbo].[MUCPHI](
	[MaMP] [nvarchar](50) NOT NULL,
	[DonGia] [nvarchar](50) NULL,
	[MoTa] [nvarchar](50) NULL,
 CONSTRAINT [PK_MUCPHI] PRIMARY KEY CLUSTERED 
(
	[MaMP] ASC
)WITH (PAD_INDEX  = OFF, STATISTICS_NORECOMPUTE  = OFF, IGNORE_DUP_KEY = OFF, ALLOW_ROW_LOCKS  = ON, ALLOW_PAGE_LOCKS  = ON) ON [PRIMARY]
) ON [PRIMARY]
GO
INSERT [dbo].[MUCPHI] ([MaMP], [DonGia], [MoTa]) VALUES (N'MP01', N'10.000', N'Áp dụng từ 1/2015')
INSERT [dbo].[MUCPHI] ([MaMP], [DonGia], [MoTa]) VALUES (N'MP02', N'15.000', N'Áp dụng từ 2/2015')
INSERT [dbo].[MUCPHI] ([MaMP], [DonGia], [MoTa]) VALUES (N'MP03', N'20.000', N'Áp dụng từ 1/2010')
INSERT [dbo].[MUCPHI] ([MaMP], [DonGia], [MoTa]) VALUES (N'MP04', N'25.000', N'Áp dụng từ 2/2011')
/****** Object:  Table [dbo].[LOAIDICHVU]    Script Date: 03/20/2024 13:56:03 ******/
SET ANSI_NULLS ON
GO
SET QUOTED_IDENTIFIER ON
GO
CREATE TABLE [dbo].[LOAIDICHVU](
	[MaLoaiDV] [nvarchar](50) NOT NULL,
	[TenLoaiDV] [nvarchar](50) NULL,
 CONSTRAINT [PK_LOAIDICHVU] PRIMARY KEY CLUSTERED 
(
	[MaLoaiDV] ASC
)WITH (PAD_INDEX  = OFF, STATISTICS_NORECOMPUTE  = OFF, IGNORE_DUP_KEY = OFF, ALLOW_ROW_LOCKS  = ON, ALLOW_PAGE_LOCKS  = ON) ON [PRIMARY]
) ON [PRIMARY]
GO
INSERT [dbo].[LOAIDICHVU] ([MaLoaiDV], [TenLoaiDV]) VALUES (N'DV01', N'Dịch vụ xe taxi')
INSERT [dbo].[LOAIDICHVU] ([MaLoaiDV], [TenLoaiDV]) VALUES (N'DV02', N'Dịch vụ xe buýt công cộng theo tuyến cố định')
INSERT [dbo].[LOAIDICHVU] ([MaLoaiDV], [TenLoaiDV]) VALUES (N'DV03', N'Dịch vụ xe cho thuê theo hợp đồng')
/****** Object:  Table [dbo].[DONGXE]    Script Date: 03/20/2024 13:56:03 ******/
SET ANSI_NULLS ON
GO
SET QUOTED_IDENTIFIER ON
GO
CREATE TABLE [dbo].[DONGXE](
	[DongXe] [nvarchar](50) NOT NULL,
	[HangXe] [nvarchar](50) NULL,
	[SoChoNgoi] [int] NULL,
 CONSTRAINT [PK_DONGXE] PRIMARY KEY CLUSTERED 
(
	[DongXe] ASC
)WITH (PAD_INDEX  = OFF, STATISTICS_NORECOMPUTE  = OFF, IGNORE_DUP_KEY = OFF, ALLOW_ROW_LOCKS  = ON, ALLOW_PAGE_LOCKS  = ON) ON [PRIMARY]
) ON [PRIMARY]
GO
INSERT [dbo].[DONGXE] ([DongXe], [HangXe], [SoChoNgoi]) VALUES (N'Cerato', N'KIA', 7)
INSERT [dbo].[DONGXE] ([DongXe], [HangXe], [SoChoNgoi]) VALUES (N'Escape', N'Ford', 5)
INSERT [dbo].[DONGXE] ([DongXe], [HangXe], [SoChoNgoi]) VALUES (N'Forte', N'KIA', 5)
INSERT [dbo].[DONGXE] ([DongXe], [HangXe], [SoChoNgoi]) VALUES (N'Grand-i10', N'Huyndai', 7)
INSERT [dbo].[DONGXE] ([DongXe], [HangXe], [SoChoNgoi]) VALUES (N'Hiace', N'Toyota', 16)
INSERT [dbo].[DONGXE] ([DongXe], [HangXe], [SoChoNgoi]) VALUES (N'Starex', N'Huyndai', 7)
INSERT [dbo].[DONGXE] ([DongXe], [HangXe], [SoChoNgoi]) VALUES (N'Vios', N'Toyota', 5)
/****** Object:  Table [dbo].[DANGKYCUNGCAP]    Script Date: 03/20/2024 13:56:03 ******/
SET ANSI_NULLS ON
GO
SET QUOTED_IDENTIFIER ON
GO
CREATE TABLE [dbo].[DANGKYCUNGCAP](
	[MaDKCC] [nvarchar](50) NOT NULL,
	[MaNhaCC] [nvarchar](50) NOT NULL,
	[MaLoaiDV] [nvarchar](50) NOT NULL,
	[DongXe] [nvarchar](50) NOT NULL,
	[MaMP] [nvarchar](50) NOT NULL,
	[NgayBatDauCungCap] [nvarchar](50) NOT NULL,
	[NgayKetThucCungCap] [nvarchar](50) NOT NULL,
	[SoLuongXeDangKy] [int] NULL,
 CONSTRAINT [PK_DANGKYCUNGCAP] PRIMARY KEY CLUSTERED 
(
	[MaDKCC] ASC
)WITH (PAD_INDEX  = OFF, STATISTICS_NORECOMPUTE  = OFF, IGNORE_DUP_KEY = OFF, ALLOW_ROW_LOCKS  = ON, ALLOW_PAGE_LOCKS  = ON) ON [PRIMARY]
) ON [PRIMARY]
GO
INSERT [dbo].[DANGKYCUNGCAP] ([MaDKCC], [MaNhaCC], [MaLoaiDV], [DongXe], [MaMP], [NgayBatDauCungCap], [NgayKetThucCungCap], [SoLuongXeDangKy]) VALUES (N'DK001', N'NCC001', N'DV01', N'Hiace', N'MP01', N'20/11/2015', N'20/11/2016', 4)
INSERT [dbo].[DANGKYCUNGCAP] ([MaDKCC], [MaNhaCC], [MaLoaiDV], [DongXe], [MaMP], [NgayBatDauCungCap], [NgayKetThucCungCap], [SoLuongXeDangKy]) VALUES (N'DK002', N'NCC002', N'DV02', N'Vios', N'MP02', N'20/11/2015', N'20/11/2017', 3)
INSERT [dbo].[DANGKYCUNGCAP] ([MaDKCC], [MaNhaCC], [MaLoaiDV], [DongXe], [MaMP], [NgayBatDauCungCap], [NgayKetThucCungCap], [SoLuongXeDangKy]) VALUES (N'DK003', N'NCC003', N'DV03', N'Escape', N'MP03', N'20/11/2017', N'20/11/2018', 5)
INSERT [dbo].[DANGKYCUNGCAP] ([MaDKCC], [MaNhaCC], [MaLoaiDV], [DongXe], [MaMP], [NgayBatDauCungCap], [NgayKetThucCungCap], [SoLuongXeDangKy]) VALUES (N'DK004', N'NCC005', N'DV01', N'Cerato', N'MP04', N'20/11/2015', N'20/11/2019', 7)
INSERT [dbo].[DANGKYCUNGCAP] ([MaDKCC], [MaNhaCC], [MaLoaiDV], [DongXe], [MaMP], [NgayBatDauCungCap], [NgayKetThucCungCap], [SoLuongXeDangKy]) VALUES (N'DK005', N'NCC002', N'DV02', N'Forte', N'MP03', N'20/11/2019', N'20/11/2020', 1)
INSERT [dbo].[DANGKYCUNGCAP] ([MaDKCC], [MaNhaCC], [MaLoaiDV], [DongXe], [MaMP], [NgayBatDauCungCap], [NgayKetThucCungCap], [SoLuongXeDangKy]) VALUES (N'DK006', N'NCC004', N'DV03', N'Starex', N'MP04', N'10/11/2016', N'20/11/2021', 2)
INSERT [dbo].[DANGKYCUNGCAP] ([MaDKCC], [MaNhaCC], [MaLoaiDV], [DongXe], [MaMP], [NgayBatDauCungCap], [NgayKetThucCungCap], [SoLuongXeDangKy]) VALUES (N'DK007', N'NCC005', N'DV01', N'Cerato', N'MP03', N'30/11/2015', N'25/01/2016', 8)
INSERT [dbo].[DANGKYCUNGCAP] ([MaDKCC], [MaNhaCC], [MaLoaiDV], [DongXe], [MaMP], [NgayBatDauCungCap], [NgayKetThucCungCap], [SoLuongXeDangKy]) VALUES (N'DK008', N'NCC006', N'DV01', N'Vios', N'MP02', N'28/02/2016', N'15/08/2016', 9)
INSERT [dbo].[DANGKYCUNGCAP] ([MaDKCC], [MaNhaCC], [MaLoaiDV], [DongXe], [MaMP], [NgayBatDauCungCap], [NgayKetThucCungCap], [SoLuongXeDangKy]) VALUES (N'DK009', N'NCC005', N'DV03', N'Grand-i10', N'MP02', N'27/04/2016', N'30/04/2017', 10)
INSERT [dbo].[DANGKYCUNGCAP] ([MaDKCC], [MaNhaCC], [MaLoaiDV], [DongXe], [MaMP], [NgayBatDauCungCap], [NgayKetThucCungCap], [SoLuongXeDangKy]) VALUES (N'DK010', N'NCC006', N'DV01', N'Forte', N'MP02', N'21/11/2015', N'22/02/2016', 4)
INSERT [dbo].[DANGKYCUNGCAP] ([MaDKCC], [MaNhaCC], [MaLoaiDV], [DongXe], [MaMP], [NgayBatDauCungCap], [NgayKetThucCungCap], [SoLuongXeDangKy]) VALUES (N'DK011', N'NCC007', N'DV01', N'Forte', N'MP01', N'25/12/2016', N'20/02/2017', 5)
INSERT [dbo].[DANGKYCUNGCAP] ([MaDKCC], [MaNhaCC], [MaLoaiDV], [DongXe], [MaMP], [NgayBatDauCungCap], [NgayKetThucCungCap], [SoLuongXeDangKy]) VALUES (N'DK012', N'NCC007', N'DV03', N'Cerato', N'MP01', N'14/04/2016', N'20/12/2017', 6)
INSERT [dbo].[DANGKYCUNGCAP] ([MaDKCC], [MaNhaCC], [MaLoaiDV], [DongXe], [MaMP], [NgayBatDauCungCap], [NgayKetThucCungCap], [SoLuongXeDangKy]) VALUES (N'DK013', N'NCC003', N'DV02', N'Cerato', N'MP01', N'21/12/2015', N'21/12/2016', 8)
INSERT [dbo].[DANGKYCUNGCAP] ([MaDKCC], [MaNhaCC], [MaLoaiDV], [DongXe], [MaMP], [NgayBatDauCungCap], [NgayKetThucCungCap], [SoLuongXeDangKy]) VALUES (N'DK014', N'NCC008', N'DV02', N'Cerato', N'MP01', N'20/05/2016', N'30/12/2016', 1)
INSERT [dbo].[DANGKYCUNGCAP] ([MaDKCC], [MaNhaCC], [MaLoaiDV], [DongXe], [MaMP], [NgayBatDauCungCap], [NgayKetThucCungCap], [SoLuongXeDangKy]) VALUES (N'DK015', N'NCC003', N'DV01', N'Hiace', N'MP02', N'24/04/2018', N'20/11/2019', 6)
INSERT [dbo].[DANGKYCUNGCAP] ([MaDKCC], [MaNhaCC], [MaLoaiDV], [DongXe], [MaMP], [NgayBatDauCungCap], [NgayKetThucCungCap], [SoLuongXeDangKy]) VALUES (N'DK016', N'NCC001', N'DV03', N'Grand-i10', N'MP02', N'22/06/2016', N'21/12/2016', 8)
INSERT [dbo].[DANGKYCUNGCAP] ([MaDKCC], [MaNhaCC], [MaLoaiDV], [DongXe], [MaMP], [NgayBatDauCungCap], [NgayKetThucCungCap], [SoLuongXeDangKy]) VALUES (N'DK017', N'NCC002', N'DV03', N'Cerato', N'MP03', N'30/09/2016', N'30/09/2019', 4)
INSERT [dbo].[DANGKYCUNGCAP] ([MaDKCC], [MaNhaCC], [MaLoaiDV], [DongXe], [MaMP], [NgayBatDauCungCap], [NgayKetThucCungCap], [SoLuongXeDangKy]) VALUES (N'DK018', N'NCC008', N'DV03', N'Escape', N'MP04', N'13/12/2017', N'30/09/2018', 2)
INSERT [dbo].[DANGKYCUNGCAP] ([MaDKCC], [MaNhaCC], [MaLoaiDV], [DongXe], [MaMP], [NgayBatDauCungCap], [NgayKetThucCungCap], [SoLuongXeDangKy]) VALUES (N'DK019', N'NCC003', N'DV03', N'Escape', N'MP03', N'24/01/2016', N'30/12/2016', 8)
INSERT [dbo].[DANGKYCUNGCAP] ([MaDKCC], [MaNhaCC], [MaLoaiDV], [DongXe], [MaMP], [NgayBatDauCungCap], [NgayKetThucCungCap], [SoLuongXeDangKy]) VALUES (N'DK020', N'NCC002', N'DV03', N'Cerato', N'MP04', N'03/05/2016', N'21/10/2017', 7)
INSERT [dbo].[DANGKYCUNGCAP] ([MaDKCC], [MaNhaCC], [MaLoaiDV], [DongXe], [MaMP], [NgayBatDauCungCap], [NgayKetThucCungCap], [SoLuongXeDangKy]) VALUES (N'DK021', N'NCC006', N'DV01', N'Forte', N'MP02', N'30/01/2015', N'30/12/2016', 9)
INSERT [dbo].[DANGKYCUNGCAP] ([MaDKCC], [MaNhaCC], [MaLoaiDV], [DongXe], [MaMP], [NgayBatDauCungCap], [NgayKetThucCungCap], [SoLuongXeDangKy]) VALUES (N'DK022', N'NCC002', N'DV02', N'Cerato', N'MP04', N'25/07/2016', N'30/12/2017', 6)
INSERT [dbo].[DANGKYCUNGCAP] ([MaDKCC], [MaNhaCC], [MaLoaiDV], [DongXe], [MaMP], [NgayBatDauCungCap], [NgayKetThucCungCap], [SoLuongXeDangKy]) VALUES (N'DK023', N'NCC002', N'DV01', N'Forte', N'MP03', N'30/11/2017', N'20/05/2018', 5)
INSERT [dbo].[DANGKYCUNGCAP] ([MaDKCC], [MaNhaCC], [MaLoaiDV], [DongXe], [MaMP], [NgayBatDauCungCap], [NgayKetThucCungCap], [SoLuongXeDangKy]) VALUES (N'DK024', N'NCC003', N'DV03', N'Forte', N'MP04', N'23/12/2017', N'30/11/2019', 8)
INSERT [dbo].[DANGKYCUNGCAP] ([MaDKCC], [MaNhaCC], [MaLoaiDV], [DongXe], [MaMP], [NgayBatDauCungCap], [NgayKetThucCungCap], [SoLuongXeDangKy]) VALUES (N'DK025', N'NCC003', N'DV03', N'Hiace', N'MP02', N'24/08/2016', N'25/10/2017', 1)
/****** Object:  ForeignKey [FK_DANGKYCUNGCAP_DONGXE]    Script Date: 03/20/2024 13:56:03 ******/
ALTER TABLE [dbo].[DANGKYCUNGCAP]  WITH CHECK ADD  CONSTRAINT [FK_DANGKYCUNGCAP_DONGXE] FOREIGN KEY([DongXe])
REFERENCES [dbo].[DONGXE] ([DongXe])
GO
ALTER TABLE [dbo].[DANGKYCUNGCAP] CHECK CONSTRAINT [FK_DANGKYCUNGCAP_DONGXE]
GO
/****** Object:  ForeignKey [FK_DANGKYCUNGCAP_LOAIDICHVU]    Script Date: 03/20/2024 13:56:03 ******/
ALTER TABLE [dbo].[DANGKYCUNGCAP]  WITH CHECK ADD  CONSTRAINT [FK_DANGKYCUNGCAP_LOAIDICHVU] FOREIGN KEY([MaLoaiDV])
REFERENCES [dbo].[LOAIDICHVU] ([MaLoaiDV])
GO
ALTER TABLE [dbo].[DANGKYCUNGCAP] CHECK CONSTRAINT [FK_DANGKYCUNGCAP_LOAIDICHVU]
GO
/****** Object:  ForeignKey [FK_DANGKYCUNGCAP_MUCPHI]    Script Date: 03/20/2024 13:56:03 ******/
ALTER TABLE [dbo].[DANGKYCUNGCAP]  WITH CHECK ADD  CONSTRAINT [FK_DANGKYCUNGCAP_MUCPHI] FOREIGN KEY([MaMP])
REFERENCES [dbo].[MUCPHI] ([MaMP])
GO
ALTER TABLE [dbo].[DANGKYCUNGCAP] CHECK CONSTRAINT [FK_DANGKYCUNGCAP_MUCPHI]
GO
/****** Object:  ForeignKey [FK_DANGKYCUNGCAP_NHACUNGCAP]    Script Date: 03/20/2024 13:56:03 ******/
ALTER TABLE [dbo].[DANGKYCUNGCAP]  WITH CHECK ADD  CONSTRAINT [FK_DANGKYCUNGCAP_NHACUNGCAP] FOREIGN KEY([MaNhaCC])
REFERENCES [dbo].[NHACUNGCAP] ([MaNhaCC])
GO
ALTER TABLE [dbo].[DANGKYCUNGCAP] CHECK CONSTRAINT [FK_DANGKYCUNGCAP_NHACUNGCAP]
GO